NOME;ENDEREÇO;LONGITUDE;LATITUDE;STATUS DO NEGÓCIO;AVALIAÇÕES;TOTAL DE AVALIAÇÕES
Vivara;Av. do Contorno, 6061 - LUC 107, 108 e 109 - São Pedro, Belo Horizonte - MG, 30110-929, Brasil;-43.9341036;-19.9404542;OPERATIONAL;4.5;130
Vivara;Av. Olegário Maciel, 1600 - Stores OM63 and 64 - Lourdes, Belo Horizonte - MG, 30180-111, Brasil;-43.94703399999999;-19.9280878;OPERATIONAL;4.3;236
Vivara;Avenida dos Andradas, 3000 - Shop 3052 and 3053 Boulevard - Av. dos Andradas, 3000 - Shop 3052 and 3053 - Santa Efigênia, Belo Horizonte - MG, 30260-070, Brasil;-43.920589;-19.9207433;OPERATIONAL;4.4;370
Vivara;Shopping Cidade - Rua dos Tupis, 337 - Centro, Belo Horizonte - MG, 30160-041, Brasil;-43.9394783;-19.9220027;OPERATIONAL;4.6;43
Vivara;BR-356, 3049 - Loja 57 - Belvedere, Belo Horizonte - MG, 30320-900, Brasil;-43.9446318;-19.9744162;OPERATIONAL;4.5;479
Vivara;Av. Cristiano Machado, 4000 - Loja 214 - União, Belo Horizonte - MG, 31910-900, Brasil;-43.9257544;-19.8742469;OPERATIONAL;4.5;464
Vivara;Av. Presidente Carlos Luz, 3001 - Pampulha, Belo Horizonte - MG, 31250-010, Brasil;-43.9681435;-19.8899588;OPERATIONAL;4.5;281
Vivara;Avenida Cristiano Machado, 11833, Loja SB02005 - Vila Cloris, Belo Horizonte - MG, 31744-007, Brasil;-43.9475531;-19.821152;OPERATIONAL;5;7
Vivara;Av. General David Sarnoff, 5160 - 106 - Cidade Industrial, Contagem - MG, 31210-110, Brasil;-44.02162560000001;-19.94635719999999;OPERATIONAL;4.5;25
Vivara;Av. Severino Ballesteros, 850 - Loja 1071 - Ressaca, Contagem - MG, 32110-005, Brasil;-44.0385241;-19.8811387;OPERATIONAL;4.4;325
Vivara;Av. Paulo Gracindo, 15 - Morada da Colina, Uberlândia - MG, 38411-106, Brasil;-48.2772974;-18.9575459;OPERATIONAL;4.5;339
Vivara;Av. João Naves de Ávila, 1331 - Tibery, Uberlândia - MG, 38408-902, Brasil;-48.2604467;-18.9103342;OPERATIONAL;4.6;363
Vivara;Shopping Independência - Av. Presidente Itamar Franco, 3600 - São Mateus, Juiz de Fora - MG, 36025-290, Brasil;-43.3601909;-21.780679;OPERATIONAL;4.6;181
Vivara;Av. Brasil, 6345 - Mariano Procópio, Juiz de Fora - MG, 36080-060, Brasil;-43.3710568;-21.7405273;OPERATIONAL;-;-
Vivara;Rodovia Fernão Dias, Km 492, s/n - São João, Betim - MG, 32655-505, Brasil;-44.16037010000001;-19.9624009;OPERATIONAL;4.4;141
Vivara;STORE G20 STORE - Rua dos Goitacazes, 340 - G19 - CENTER, Belo Horizonte - MG, 30190-050, Brasil;-43.9403567;-19.9224147;OPERATIONAL;3.7;3
Vivara;Av. Cel. Fernando Ferreira Leite, 1540 - Jardim California, Ribeirão Preto - SP, 14026-020, Brasil;-47.8151625;-21.2118372;OPERATIONAL;4.1;118
Vivara;Av. Luiz Eduardo Toledo Prado, 900 - loja 2076 - Vila do Golfe, Ribeirão Preto - SP, 14027-250, Brasil;-47.83528320000001;-21.2251839;OPERATIONAL;4.4;63
Vivara;R. Humberto Pizo - Jardim Petropolis, Varginha - MG, 37026-280, Brasil;-45.44899799999999;-21.5720382;OPERATIONAL;-;-
Vivara;Av. Iguatemi, 777 - 1-3 - Vila Brandina, Campinas - SP, 13094-691, Brasil;-47.02700600000001;-22.8925184;OPERATIONAL;4.4;652
Vivara;Av. Santa Beatriz da Silva, 1501 - 510 - São Benedito, Uberaba - MG, 38020-433, Brasil;-47.9519202;-19.7671776;OPERATIONAL;4.5;382
Vivara;Av. Pedro Linhares Gomes, 3900 - Loja 19 - Industrial, Ipatinga - MG, 35160-291, Brasil;-42.5663084;-19.4967957;OPERATIONAL;3.8;4
Vivara;R. Silva Guerra, 382 - Centro, Patos de Minas - MG, 38700-176, Brasil;-46.52062879999999;-18.5939249;OPERATIONAL;-;-
Vivara;Avenida Roque Petroni Junior, 1089, Loja LUC 52 - Jardim das Acacias, São Paulo - SP, 04707-900, Brasil;-45.8861284;-22.2371117;OPERATIONAL;-;-
Vivara;Shopping Leblon Avenida Afrânio de Melo Franco, 290 - 310A, 310B e 310O - Leblon, Rio de Janeiro - RJ, 22430-060, Brasil;-43.2169405;-22.9821944;OPERATIONAL;4.1;75
Vivara;Vila Reg. Feijó, São Paulo - SP, 03338, Brasil;-46.5603552;-23.5613655;OPERATIONAL;4.4;300
Vivara;Chácaras Rio-Petrópolis, Duque de Caxias - RJ, 25265-008, Brasil;-43.28835459999999;-22.6759352;OPERATIONAL;4;1
Vivara;Av. Pres. Juscelino K. de Oliveira, 5000 - Res. Eco Village I, São José do Rio Preto - SP, 15093-270, Brasil;-49.41470569999999;-20.8670352;OPERATIONAL;3.1;27
Vivara;Av. Sen. Salgado Filho, 2234 - Candelária, Natal - RN, 59064-000, Brasil;-35.2111333;-5.841785900000001;OPERATIONAL;4.7;67
Vivara;Tv. Casalbuono, 120 - Loja 626 - Vila Guilherme, São Paulo - SP, 02047-050, Brasil;-46.6179686;-23.51545849999999;OPERATIONAL;4.3;304
Vivara;Av. Washington Soares, 85 - Loja 91 / 92 - Edson Queiroz, Fortaleza - CE, 60811-341, Brasil;-38.48818999999999;-3.7552898;OPERATIONAL;4.8;6
Vivara;Cidade Intercap, Taboão da Serra - SP, 06768-200, Brasil;-46.7759397;-23.6132961;OPERATIONAL;4.6;105
Vivara;Av. Andrômeda, 227 - Jardim Satélite, São José dos Campos - SP, 12230-250, Brasil;-45.8912178;-23.21738359999999;OPERATIONAL;4.5;136
Vivara;Avenida São João, 2200 Shopping Colinas - Jardim das Colinas, São José dos Campos - SP, 12242-000, Brasil;-45.90809240000001;-23.2048631;OPERATIONAL;3;23
Vivara;Av. Charles Schnneider, 1700 - Parque Sr. do Bonfim, Taubaté - SP, 12040-900, Brasil;-45.5818951;-23.0227732;OPERATIONAL;4.3;29
Vivara;Av. Dep. Benedito Matarazzo, 9403 - Loja S520 - Jardim Oswaldo Cruz, São José dos Campos - SP, 12215-160, Brasil;-45.88130080000001;-23.20042159999999;OPERATIONAL;4.5;131
Vivara;Rio Design Shopping - Av. das Américas, 7777 - 116a - Barra da Tijuca, Rio de Janeiro - RJ, 22793-081, Brasil;-43.3859412;-23.0012397;OPERATIONAL;4.1;17
Vivara;Estrada de Jacarepaguá, 6069, Loja 235A, Piso 1 - Anil, Rio de Janeiro - RJ, 22753-033, Brasil;-43.3371937;-22.9559629;OPERATIONAL;1;1
Vivara;Botafogo Praia Shopping Av. Praia de Botafogo, 400 - Loja 129 / 130 - Praia de Botafogo, 400 - 129 / 130 - Botafogo, Rio de Janeiro - RJ, 22250-040, Brasil;-43.1831289;-22.9473682;OPERATIONAL;4.4;149
Vivara;Av. Lauro Sodré, 445 - 301 - Botafogo, Rio de Janeiro - RJ, 60176-065, Brasil;-43.176668;-22.9571721;OPERATIONAL;4.4;145
Vivara;Av. Gisele Constantino, 1870 - Loja 125 / 126 - Parque Bela Vista, Sorocaba - SP, 18110-650, Brasil;-47.4622552;-23.5333337;OPERATIONAL;4.5;565
Vivara;Shopping União de Osasco - Av. dos Autonomistas, 1828 - Continental, Osasco - SP, 16000-000, Brasil;-46.7712198;-23.5359215;OPERATIONAL;2;1
Vivara;Avenida 9 de Julho, S/N Loja 146 e 147 Térreo Jardim - Bela Vista, Jundiaí - SP, 13208-056, Brasil;-46.8902323;-23.1995149;OPERATIONAL;4.3;299
Vivara;Av. Roque Petroni Júnior, 52 / 53 - Jardim das Acacias, São Paulo - SP, 04707-000, Brasil;-46.69891989999999;-23.62385489999999;OPERATIONAL;4.4;355
Vivara;Av. Limeira, 722 - Areião, Piracicaba - SP, 13414-900, Brasil;-47.6494864;-22.7042451;OPERATIONAL;4.4;225
Vivara;Av. Gov. Flávio Ribeiro Coutinho, 805 - Manaíra, João Pessoa - PB, 58037-900, Brasil;-34.8449781;-7.0988377;OPERATIONAL;4.6;179
Vivara;Av. Pastor Martin Luther King Júnior, 126 - Del Castilho, Rio de Janeiro - RJ, 20765-000, Brasil;-43.2718981;-22.87824479999999;OPERATIONAL;4.6;233
Vivara;Shopping São José - Rua Dona Izabel A Redentora, 1434 - Shop 247 - Centro, São José dos Pinhais - PR, 83005-010, Brasil;-49.20455;-25.5379086;OPERATIONAL;4.7;170
Vivara;Catarina Fashion Outlet - R. Rafael Dias Costa, 140 - São Roque, SP, 18132-852, Brasil;-47.1630157;-23.4200505;OPERATIONAL;4.3;16
Vivara;Estr. Joaquim Bueno Neto, 9999 - ???????? Itupeva - SP, 13295-000, Brasil;-47.0080738;-23.1083751;OPERATIONAL;4.4;403
Vivara;Distrito Industrial, São José - SC, 88104-800, Brasil;-48.6463113;-27.61447849999999;OPERATIONAL;3.8;30
Vivara;R. Treze de Maio, 1947 - Bela Vista, São Paulo - SP, 01327-001, Brasil;-46.64372909999999;-23.5704143;OPERATIONAL;4.3;262
Vivara;R. Cap. Pacheco e Chaves, 313 - Vila Prudente, São Paulo - SP, 03126-000, Brasil;-46.594038;-23.5802493;OPERATIONAL;4.5;387
Vivara;Av. Guido Aliberti, 2.397 - Loja 1065 - Santo Antônio, São Caetano do Sul - SP, 09531-190, Brasil;-46.5811007;-23.6290292;OPERATIONAL;4.3;281
Vivara;Av. Olívia Flores, 2500 - Loja 1091/1092 - Candeias, Vitória da Conquista - BA, 45028-100, Brasil;-40.81795229999999;-14.8772199;OPERATIONAL;4;4
Vivara;Av. Charles Schneider, 1.700 - Vila Costa, Taubaté - SP, 12040-900, Brasil;-45.58144339999999;-23.0247747;OPERATIONAL;4.7;56
Vivara;R. República do Iraque, 410 - Jardim Oswaldo Cruz, São José dos Campos - SP, 12216-540, Brasil;-45.8815622;-23.2017919;OPERATIONAL;-;-
Vivara;Av. Cônsul Assaf Trad, 4796 - loja 166 e 167 - Coronel Antônio, Campo Grande - MS, 79013-545, Brasil;-54.5586606;-20.3975537;OPERATIONAL;4.6;64
Vivara;Praça Samuel Sabatini, 200 - Centro, São Bernardo do Campo - SP, 09750-902, Brasil;-46.5508713;-23.6927223;OPERATIONAL;4.4;137
Vivara;Shopping Metrô Itaquera Rua Jurici Estrada da Pedreira, S/N, Loja 290/291 - Vila Campanela, São Paulo - SP, 08220-900, Brasil;-46.46890210000001;-23.5400856;OPERATIONAL;4.3;55
Vivara;Av. Bartolomeu de Carlos, 230 - Jardim Flor da Montanha, Guarulhos - SP, 07097-420, Brasil;-46.5396007;-23.4434509;OPERATIONAL;4.5;176
Vivara;Av. Brg. Faria Lima, 2232 - Pinheiros, São Paulo - SP, 01451-000, Brasil;-46.6887474;-23.5769625;OPERATIONAL;4.1;56
Vivara;Av. do Contorno, 6061 - Loja: 272 E 273 Piso L2 - São Pedro, Belo Horizonte - MG, 30110-929, Brasil;-43.9339619;-19.9412476;OPERATIONAL;-;-
Vivara;Av. Pres. Kennedy, 4121 - 3087 - Portão, Curitiba - PR, 80610-905, Brasil;-49.2909558;-25.477753;OPERATIONAL;4.4;307
Vivara;Av. Cândido de Abreu, 127 - Loja 78 - Centro, Curitiba - PR, 80530-060, Brasil;-49.2704876;-25.4236916;OPERATIONAL;4.4;598
Vivara;Av. do Batel, 1868 - 350 - Shop 350 - Batel, Curitiba - PR, 80420-090, Brasil;-49.29108219999999;-25.4430624;OPERATIONAL;4.6;136
Vivara;Rua Brigadeiro Franco, 2300 Condomínio Shopping Curitiba CD, Bloco Complexo, Andar 01 318 - Centro, Curitiba - PR, 80250-030, Brasil;-49.2774894;-25.4409909;OPERATIONAL;4.4;12
Vivara;R. Comendador Araújo, 731 - Lojas 248 e 249 - Batel, Curitiba - PR, 80420-000, Brasil;-49.28125010000001;-25.439018;OPERATIONAL;4.5;37
Vivara;R. Konrad Adenauer, 370 - Tarumã, Curitiba - PR, 82821-020, Brasil;-49.2145731;-25.4290342;OPERATIONAL;3.5;26
Vivara;R. Prof. Pedro Viriato Parigot de Souza, 600 - LUC S278 / 279 - Mossunguê, Curitiba - PR, 81200-100, Brasil;-49.31661889999999;-25.4355594;OPERATIONAL;4.5;173
Vivara;Av. Theodoro Victorelli, 150L - 260 - Carlota, Londrina - PR, 86027-750, Brasil;-51.1457281;-23.3123184;OPERATIONAL;4.6;273
Vivara;Rod. Celso Garcia Cid, 5600 - Gleba Fazenda Palhano, Londrina - PR, 86050-901, Brasil;-51.1854006;-23.3419394;OPERATIONAL;4.3;200
Vivara;Catuaí Shopping - Av. Colombo, 9357 - Loja 215 - Jardim Montreal, Maringá - PR, 87065-005, Brasil;-51.9704343;-23.4203891;OPERATIONAL;4.4;206
Vivara;Av. São Paulo - Zona 7, Maringá - PR, 87030-040, Brasil;-51.9327365;-23.4224264;OPERATIONAL;3.4;5
Vivara;Av. São Paulo Shopping Avenida Center - Quiosque L e R - Av. Maringá, 743 - Centro, Sarandi - PR, 87030-040, Brasil;-51.8786715;-23.4410731;OPERATIONAL;5;6
Vivara;R. Ermelino de Leão, 703 - Olarias, Ponta Grossa - PR, Brasil;-50.15230690000001;-25.094832;OPERATIONAL;-;-
Vivara;Av. Toledo, 432 - Loja 251/252 - Centro, Cascavel - PR, 85810-230, Brasil;-53.47672499999999;-24.9506362;OPERATIONAL;3.3;28
Vivara;Cataratas JL Shopping - Av. Costa e Silva, 185 - 242-244 - Vila Cr 1, Foz do Iguaçu - PR, 85863-000, Brasil;-54.57473659999999;-25.5328405;OPERATIONAL;4.9;27
Vivara;Catuaí Palladium - Av. das Cataratas, 3570 - Vila Yolanda, Foz do Iguaçu - PR, 85853-000, Brasil;-54.55853250000001;-25.5691424;OPERATIONAL;4.4;35
Vivara;R. Visc. de Taunay, 235 - 145 - Centro, Joinville - SC, 89201-908, Brasil;-48.8492557;-26.3042307;OPERATIONAL;4.5;150
Vivara;Av. Paulista, 1230 - Bela Vista, São Paulo - SP, 01310-100, Brasil;-46.6526673;-23.5637022;OPERATIONAL;4.4;215
Vivara;Av. das Nações Unidas, 22540 - Vila Almeida, São Paulo - SP, 04795-000, Brasil;-46.700148;-23.678191;OPERATIONAL;4.6;319
Vivara;Av. Ibirapuera, 3103 - Ibirapuera, São Paulo - SP, 04029-200, Brasil;-46.6659249;-23.6104466;OPERATIONAL;4.4;539
Vivara;Av. Chucri Zaidan, 902 - Brooklin, São Paulo - SP, 04583-110, Brasil;-46.70004539999999;-23.6210583;OPERATIONAL;4.3;73
Vivara;Av. Higienópolis, 618 - Higienópolis, São Paulo - SP, 01238-000, Brasil;-46.65738340000001;-23.5420368;OPERATIONAL;4.5;286
Vivara;Av. Paulista, 2064 - Bela Vista, São Paulo - SP, 01310-928, Brasil;-46.659052;-23.5577575;OPERATIONAL;4.2;85
Vivara;R. Turiassu, 2100 - Perdizes, São Paulo - SP, 05005-900, Brasil;-46.6817958;-23.52695779999999;OPERATIONAL;4.4;184
Vivara;Av. Pres. Juscelino Kubitschek, 2041 - Vila Nova Conceição, São Paulo - SP, 04543-000, Brasil;-46.6896064;-23.5917085;OPERATIONAL;4.1;93
Vivara;R. Bela Cintra, 2141 - Cerqueira César, São Paulo - SP, 01415-002, Brasil;-46.6689533;-23.5632974;OPERATIONAL;4.1;102
Vivara;R. Domingos de Morais, 2564 - Loja L24 - Vila Mariana, São Paulo - SP, 04036-100, Brasil;-46.6372457;-23.5994414;OPERATIONAL;4.4;141
Vivara;Av. Interlagos, 2255 - Interlagos, São Paulo - SP, 04661-200, Brasil;-46.67608140000001;-23.67646070000001;OPERATIONAL;4.4;270
Vivara;Av. Rebouças, 3970 - Loja, 378 - Pinheiros, São Paulo - SP, 05402-918, Brasil;-46.6956248;-23.5731481;OPERATIONAL;4.2;436
Vivara;Av. Antártica, 408 - Loja 1227 - Água Branca, São Paulo - SP, 05003-100, Brasil;-46.67423559999999;-23.5270916;OPERATIONAL;4.6;189
Vivara;R. Olimpíadas, 360 Shopping - Vila Olímpia, São Paulo - SP, 04551-000, Brasil;-46.6870025;-23.59544500000001;OPERATIONAL;4.5;117
Vivara;Av. Dr. Antônio Maria Laet, 566 - Loja 10 - Parada Inglesa, São Paulo - SP, 02240-000, Brasil;-46.6027561;-23.4798941;OPERATIONAL;4.4;191
Vivara;Rod. Pres. Dutra, 225 - Vila Itapegica, Guarulhos - SP, 07034-911, Brasil;-46.54893029999999;-23.487842;OPERATIONAL;4.5;727
Vivara;GRU Airport Quiosque Rodovia Hélio Smidt Aeroporto de Guarulhos - Terminal 2 - Aeroporto, Guarulhos - SP, 07190-100, Brasil;-46.4742135;-23.4246858;OPERATIONAL;-;-
Vivara;Rod. Dom Pedro I, s / n - Loja A325 - Jardim Nilópolis, Campinas - SP, 13091-901, Brasil;-47.02334560000001;-22.8632629;OPERATIONAL;4.6;99
Vivara;Campinas Shopping Rua Jacy Teixeira de Camargo, 940, Piso - Jardim do Lago, Campinas - SP, 13050-008, Brasil;-47.07761319999999;-22.932875;OPERATIONAL;4.5;97
Vivara;Shopping Parque Dom Pedro - Av. Guilherme Campos, 500 - Loja 229 - Jardim Santa Genebra, Campinas - SP, 13087-901, Brasil;-47.06446039999999;-22.8456698;OPERATIONAL;4.4;47
Vivara;Av. Guilherme Campos, 500 - Loja 74 - Jardim Santa Genebra, Campinas - SP, 13087-901, Brasil;-47.06377569999999;-22.8479842;OPERATIONAL;4.5;393
Vivara;Av. Rotary, 624 - Centro, São Bernardo do Campo - SP, 09721-000, Brasil;-46.5427458;-23.723421;OPERATIONAL;4.5;200
Vivara;Av. Kennedy, 700 - Vila Marlene, São Bernardo do Campo - SP, 09726-252, Brasil;-46.5575059;-23.6837701;OPERATIONAL;4.5;158
Vivara;Shopping ABC - Av. Pereira Barreto, 42 - Loja 268 - Paraíso, Santo André - SP, 01109-010, Brasil;-46.53356360000001;-23.6677966;OPERATIONAL;4.3;256
Vivara;Shopping ABC Grand Plaza Avenida Industrial 600 Loja 63A/64A - Jardim, Santo André - SP, 09080-500, Brasil;-46.5338646;-23.6467785;OPERATIONAL;4.3;324
Vivara;Praça Leonor Kaupa, 100 - Vila da Saúde, São Paulo - SP, 04151-100, Brasil;-46.62694039999999;-23.6199706;OPERATIONAL;4.2;209
Vivara;Av. Pereira Barreto, 42 - Vila Gilda, Santo André - SP, 09190-210, Brasil;-46.5335492;-23.6678607;OPERATIONAL;2.2;5
Vivara;Alameda Terracota, 545 - Alameda Terracota - Cerâmica, São Paulo - SP, 09531-190, Brasil;-46.57974539999999;-23.6263223;OPERATIONAL;4.6;140
Vivara;Shopping Jardim Sul - Av. Giovanni Gronchi, 5819 - SUC 231A - Vila Andrade, São Paulo - SP, 05724-003, Brasil;-46.73589549999999;-23.63125950000001;OPERATIONAL;4.5;251
Vivara;Av. Pres. Kennedy, 1500 - Jardim Roberto Benedetti, Ribeirão Preto - SP, 14000-000, Brasil;-47.76598360000001;-21.2067826;OPERATIONAL;-;-
Vivara;Av. Leão Machado, 100 - Parque Continental, Osasco - SP, 05328-020, Brasil;-46.75711620000001;-23.5476708;OPERATIONAL;4.4;315
Vivara;Industrial Autonomistas, Osasco - SP, 02675-031, Brasil;-46.7661114;-23.5399479;OPERATIONAL;3;10
Vivara;SP-270, 23600 - Loja 246 e 247 - Lageadinho, Cotia - SP, 06709-015, Brasil;-46.831428;-23.5919192;OPERATIONAL;4.5;202
Vivara;Shopping Tamboré - Av. Piracema, 669 - Loja 83 - Tamboré, Barueri - SP, 06460-030, Brasil;-46.83451290000001;-23.5044548;OPERATIONAL;4.5;232
Vivara;Av. Raimundo Pereira de Magalhães, 1465 - Loja 2090 - Vila Pirituba, São Paulo - SP, 05145-000, Brasil;-46.7180726;-23.5066749;OPERATIONAL;4.5;431
Vivara;Avenida Professor Francisco Morato 2718 Loja 022 / 023 - Av. Prof. Francisco Morato, 2718 - Loja 022 / 023 - Butantã, São Paulo - SP, 05512-300, Brasil;-46.72516570000001;-23.5849773;OPERATIONAL;4.5;161
Vivara;Rua Domingos Agostim, S/N - Shop 17, 18 and 19 - Tatuape, São Paulo - SP, 03306-010, Brasil;-46.5770606;-23.5417773;OPERATIONAL;4.5;355
Vivara;Av. Gisele Constantino, 1800 - Loja 276 - Iguatemi, Sorocaba - SP, 18110-650, Brasil;-47.4621387;-23.5350631;OPERATIONAL;3.4;22
Vivara;Av. Aricanduva, 5.555 Setor A - Loja 65 - Térreo - Jardim Marília, São Paulo - SP, 03951-220, Brasil;-46.50333999999999;-23.5647768;OPERATIONAL;3.2;25
Vivara;Av. Ver. Narciso Yague Guimarães, 1001 - 117/118 - Jardim Armenia, Mogi das Cruzes - SP, 08780-910, Brasil;-46.1795747;-23.51595;OPERATIONAL;4;48
Vivara;Avenida Antônio Frederico Ozanan 6000 Loja 1046 / 1054 - Vila Rio Branco, Jundiaí - SP, 13215-900, Brasil;-46.8919441;-23.169702;OPERATIONAL;4.3;307
Vivara;R. Alexandre Martins, 80 - Aparecida, Santos - SP, 11025-201, Brasil;-46.3093425;-23.9775874;OPERATIONAL;4.6;284
Vivara;Av. Mal. Floriano Peixoto, 44 - Gonzaga, Santos - SP, 11060-910, Brasil;-46.3347455;-23.9666445;OPERATIONAL;4.5;162
Vivara;Al. Rio Negro, 111 - Loja 365 e 366 - Alphaville Industrial, Barueri - SP, 06455-000, Brasil;-46.84811939999999;-23.5046603;OPERATIONAL;4.5;144
Vivara;Av. Magalhães de Castro, 12000 - Jardim Panorama, São Paulo - SP, 05502-001, Brasil;-46.69766799999999;-23.5986465;OPERATIONAL;4.6;21
Vivara;R. Marcondes Salgado, 1139 - Vila Cardia, Bauru - SP, 17013-231, Brasil;-49.06627679999999;-22.3159166;OPERATIONAL;4.5;230
Vivara;Endereços: - R. Henrique Savi, 15-55 - Vila Nova Cidade Universitaria, Bauru - SP, 17011-900, Brasil;-49.0497822;-22.3418575;OPERATIONAL;4.3;8
Vivara;Estr. de São Bento, 9225 - São Bento, Itaquaquecetuba - SP, 08590-315, Brasil;-46.2720761;-23.4337304;OPERATIONAL;4.8;4
Vivara;Av. Ayrton Senna da Silva, 1511 - Praia Grande, SP, 11703-430, Brasil;-46.4077268;-23.9976086;OPERATIONAL;4.5;152
Vivara;Rua Doutor João Ribeiro, 304 Shopping Center Penha - Penha de França, São Paulo - SP, 03634-900, Brasil;-46.5468072;-23.5251244;OPERATIONAL;4.3;8
Vivara;Av. Rio Negro, 1100 - Shops 429/430 - Estacao, Franca - SP, 14406-901, Brasil;-47.41682489999999;-20.5479252;OPERATIONAL;4.4;196
Vivara;Av - R. Conselheiro Moreira de Barros, 2780 - Lauzane Paulista, São Paulo - SP, 02430-001, Brasil;-46.64500329999999;-23.4826382;OPERATIONAL;4.4;239
Vivara;Av. Iguatemi, 777 2º piso Quadra 03 - Lojas 01/03 - Vila Brandina, Campinas - SP, 13094-691, Brasil;-47.1032534;-22.8620074;OPERATIONAL;5;1
Vivara;"Alameda Filtros Mann, 670 LOJA: 74C; Pavimento: Térreo - Jardim Tropical, Indaiatuba - SP, 13344-580, Brasil";-47.21942749999999;-23.116326;OPERATIONAL;1;4
Vivara;Shopping Iguatemi - Passeio dos Flamboyants, 200 - Parque Faber Castell II, São Carlos - SP, 13561-352, Brasil;-47.91517409999999;-22.0173433;OPERATIONAL;4.1;11
Vivara;R. dos Tucunarés, 500 - Jardim Maria Martha, Marília - SP, 17507-280, Brasil;-49.96715779999999;-22.1869375;OPERATIONAL;-;-
Vivara;Avenida Alberto Benassi, 2270 Shopping Jaraguá - Quiosque 17A - Jardim Bandeirante, Araraquara - SP, 14804-300, Brasil;-48.20188129999999;-21.78259839999999;OPERATIONAL;4.9;18
Vivara;Av. Manoel Goulart, 2400 - Jardim das Rosas, Pres. Prudente - SP, 19060-136, Brasil;-51.40820679999999;-22.11568429999999;OPERATIONAL;2;3
Vivara;Av. Dr. Ermelindo Maffei, 1199 - Chácaras Primavera, Itu - SP, 13304-305, Brasil;-47.2808986;-23.263942;OPERATIONAL;4.3;6
Vivara;BR-060, 1044 - Jardim Campestre, Rio Verde - GO, 75907-580, Brasil;-50.9452868;-17.8183935;OPERATIONAL;5;2
Vivara;Avenida Carlos Pereira da Silva, 6000, Loja 218/219 - Guanabara, Araçatuba - SP, 16026-035, Brasil;-50.4694862;-21.2119;OPERATIONAL;5;3
Vivara;R. Pamplona, 1704 - Loja 2.22 & 2.23 - Jardim Paulista, São Paulo - SP, 01405-002, Brasil;-46.6610679;-23.5705062;OPERATIONAL;4.5;54
Vivara;Av. Dra. Ruth Cardoso, 4777 - Alto de Pinheiros, São Paulo - SP, 05477-000, Brasil;-46.72215159999999;-23.5509275;OPERATIONAL;4.2;138
Vivara;R. Palestra Itália, 500 - 182 - Perdizes, São Paulo - SP, 05005-030, Brasil;-46.68080800000001;-23.526453;OPERATIONAL;3.9;11
Vivara;Marginal Pinheiros, 42 - Cidade Jardim, São Paulo - SP, 05672-130, Brasil;-46.6961738;-23.5787759;CLOSED_TEMPORARILY;-;-
Vivara;Av. dos Imarés, 80 - Indianópolis, São Paulo - SP, 04088-006, Brasil;-46.6663887;-23.61023969999999;OPERATIONAL;3.7;3
Vivara;Piso Paulista - R. Treze de Maio, 1933 - Loja 301R/S/302 - Bela Vista, São Paulo - SP, 01327-001, Brasil;-46.6436174;-23.5704519;OPERATIONAL;2.3;3
Vivara;Av. João Wallig, 1800 - Passo d'Areia, Porto Alegre - RS, 91340-000, Brasil;-51.1623939;-30.0254675;OPERATIONAL;4.4;329
Vivara;Av. Praia de Belas, 1181 - Loja 81 e 82 - Praia de Belas, Porto Alegre - RS, 90110-001, Brasil;-51.2289207;-30.0491424;OPERATIONAL;4.5;369
Vivara;Bourbon Shopping Wallig - Av. Assis Brasil, 2611 - Cristo Redentor, Porto Alegre - RS, 91010-002, Brasil;-51.160788;-30.0119626;OPERATIONAL;4.4;273
Vivara;Av. Barreto de Menezes, 800 - Lojas 235 e 236 - Piedade, Jaboatão dos Guararapes - PE, 54410-100, Brasil;-34.91861529999999;-8.1668307;OPERATIONAL;4.4;1805
Vivara;Rua Domingos Agostim, 91 - Loja S15/16 - Cidade Mãe do Céu, São Paulo - SP, 03306-900, Brasil;-46.5766182;-23.5417077;OPERATIONAL;4;1
Vivara;Av. Pastor Martin Luther King Junior, 126 - Del Castilho, Rio de Janeiro - RJ, 20765-000, Brasil;-43.2718981;-22.87824479999999;OPERATIONAL;4.6;241
Vivara;Av. Maracanã, 987 - Loja 1038 - Tijuca, Rio de Janeiro - RJ, 20511-000, Brasil;-43.2352395;-22.9225885;OPERATIONAL;4.5;226
Vivara;Av. das Américas, 4666 - Loja 230E - Barra da Tijuca, Rio de Janeiro - RJ, 22640-102, Brasil;-43.359798;-22.9974654;OPERATIONAL;4.4;185
Vivara;Quiosque Life - Shopping Tijuca - Av. Maracanã, 987 - Quiosque 116 - Tijuca, Rio de Janeiro - RJ, 20511-000, Brasil;-43.23552919999999;-22.9219334;OPERATIONAL;-;-
Vivara;Av. Dom Hélder Câmara, 5332 - lojas 3202 - Cachambi, Rio de Janeiro - RJ, 20771-004, Brasil;-43.2833325;-22.8861205;OPERATIONAL;4.6;134
Vivara;PAA - PAL 38883 135 - Av. Embaixador Abelardo Bueno, 1300 - 2091 - Barra da Tijuca, Rio de Janeiro - RJ, 22775-040, Brasil;-43.37247850000001;-22.9715515;OPERATIONAL;4.6;89
Vivara;Américas Shopping - Loja 230 - 2º Piso Américas Shopping - Recreio dos Bandeirantes, Rio de Janeiro - RJ, 22790-702, Brasil;-43.46137179999999;-23.0108975;OPERATIONAL;4.8;26
Vivara;Avenida das Américas, 4200, Loja 123, Piso Lagoa - Barra da Tijuca, Rio de Janeiro - RJ, 22640-907, Brasil;-43.35341159999999;-22.99937040000001;OPERATIONAL;1;1
Vivara;Av. Maestro Paulo e Silva, 400 - Jardim Carioca, Rio de Janeiro - RJ, 21922, Brasil;-43.2017585;-22.801874;OPERATIONAL;5;1
Vivara;Rua Fonseca, 240 - Q-10A - Térreo - Bangu, Rio de Janeiro - RJ, 21820-005, Brasil;-43.4665869;-22.8786888;OPERATIONAL;4.6;26
Vivara;Shopping Rio sign, quiosque - Av. Ataulfo de Paiva, 270 - Leblon, Rio de Janeiro - RJ, 22440-033, Brasil;-43.2183343;-22.98354579999999;OPERATIONAL;-;-
Vivara;Av. das Américas, 5000 - Barra da Tijuca, Rio de Janeiro - RJ, 22640-102, Brasil;-43.35984599999999;-22.9974541;OPERATIONAL;5;1
Vivara;Estrada do Engenho D'Agua próximo ao 180 - Anil, Rio de Janeiro - RJ, 22765-240, Brasil;-43.339553;-22.95583030000001;OPERATIONAL;-;-
Vivara;Av das Américas 3900 Piso Térreo - Barra da Tijuca, Rio de Janeiro - RJ, 22640-102, Brasil;-43.3511844;-22.9990831;OPERATIONAL;-;-
Vivara;Rua Lauro Müller, 116 - Piso 2, QBH16 - Botafogo, Rio de Janeiro - RJ, 22290-160, Brasil;-43.17682169999999;-22.9569798;OPERATIONAL;-;-
Vivara;Rua Quinze de Novembro, 8 - Shop 207/208 - Centro, Niterói - RJ, 24020-125, Brasil;-43.12372130000001;-22.8968301;OPERATIONAL;4.6;125
Vivara;Av. Gov. Roberto Silveira, 540 - Loja 317 / 318 , 317 / 318 - Centro, Nova Iguaçu - RJ, 26285-060, Brasil;-43.453797;-22.7535584;OPERATIONAL;4.5;40
Vivara;R. Dr. Silvio Bastos Tavares, 330 - Loja 102 S/T - Parque Juliao Nogueira, Campos dos Goytacazes - RJ, 28051-250, Brasil;-41.3487367;-21.7543225;OPERATIONAL;5;1
Vivara;Av. Aluizio da Silva Gomes, 800 - Glória, Macaé - RJ, 27930-560, Brasil;-41.80725760000001;-22.3924131;OPERATIONAL;3;2
Vivara;Av. Centenário, 2992 - 108 - l1 - Chame-Chame, Salvador - BA, 40140-400, Brasil;-38.5244458;-13.0068214;OPERATIONAL;3.9;33
Vivara;Av. Diário de Notícias, 300 - Loja 300 - Cristal, Porto Alegre - RS, 90810-080, Brasil;-51.2456994;-30.0848654;OPERATIONAL;4.5;143
Vivara;Q. 107 Norte Avenida NS 5, S / N - Lojas 129 / 130 - Plano Diretor Sul, Palmas - TO, 77001-098, Brasil;-48.3479195;-10.1827032;OPERATIONAL;4.1;161
Vivara;Rua Carumbé, 195 - Realengo, Rio de Janeiro - RJ, 21755-140, Brasil;-43.4204539;-22.8854352;OPERATIONAL;4.7;23
Vivara;Estr. do Monteiro, 1200 - 205k / 205M - Campo Grande, Rio de Janeiro - RJ, 23045-830, Brasil;-43.5751406;-22.9271628;CLOSED_PERMANENTLY;1;1
Vivara;Av. Ferreira Viana, 1526 - Areal, Pelotas - RS, 96085-000, Brasil;-52.31851640000001;-31.7612748;OPERATIONAL;4.7;76
Vivara;Av. Rolf Wiest, 333 - 78 - Bom Retiro, Joinville - SC, 89223-005, Brasil;-48.8526774;-26.2538862;OPERATIONAL;4.6;89
Vivara;Beiramar Shopping Center - R. Bocaiúva, 2468 - 214 - Centro, Florianópolis - SC, 88015-973, Brasil;-48.54500849999999;-27.5849156;OPERATIONAL;4.2;127
Vivara;Av. Me. Benvenuta, 687 - Loja 212 - Santa Monica, Florianópolis - SC, 88035-000, Brasil;-48.5148866;-27.5899826;OPERATIONAL;4.4;232
Vivara;Rod. Virgílio Várzea, 587 - Loja 219/220 - Saco Grande, Florianópolis - SC, 88054-605, Brasil;-48.4985304;-27.5538529;OPERATIONAL;3;1
Vivara;R. Gerôncio Thives, 1079 - Barreiros, São José - SC, 88117, Brasil;-48.6135621;-27.5848329;OPERATIONAL;4.3;17
Vivara;RUA SETE DE SETEMBRO, 1213, LOJA LUC 81 PISO L1 - Centro, Blumenau - SC, 89010-911, Brasil;-49.0699272;-26.9206633;OPERATIONAL;5;1
Vivara;Av. Fernando Machado, 4000 - Líder, Chapecó - SC, 89805-186, Brasil;-52.62612900000001;-27.0704729;OPERATIONAL;1.6;8
Vivara;R. Samuel Heusi, 234 - loja T53/54 - Centro, Itajaí - SC, 88301-320, Brasil;-48.6601234;-26.9037461;OPERATIONAL;2.3;4
Vivara;Avenida Jorge Elias de Lucca, 765 Nações Shopping - Nossa Sra. da Salete, Criciúma - SC, 88813-390, Brasil;-49.3336173;-28.6866574;OPERATIONAL;4.6;21
Vivara;Av. Getúlio Vargas, 268 - loja 171/172 - Centro, Jaraguá do Sul - SC, 89251-000, Brasil;-49.08561979999999;-26.4795646;OPERATIONAL;5;1
Vivara;Av. Santa Catarina, 1 - Estados, Balneário Camboriú - SC, 88339-005, Brasil;-48.6474967;-26.9929889;OPERATIONAL;4.5;405
Vivara;R. Rio Branco, 34 - Vila Moema, Tubarão - SC, 88705-160, Brasil;-48.9993126;-28.475979;OPERATIONAL;-;-
Vivara;Rod. Gov. Mário Covas, km 165 - Morretes, Tijucas - SC, 88200-000, Brasil;-48.62977949999999;-27.2557464;OPERATIONAL;4.3;6
Vivara;Shopping - Av. Pres. Vargas, 1610 - São Cristovao, Passo Fundo - RS, 99064-000, Brasil;-52.3854589;-28.2710284;OPERATIONAL;3;6
Vivara;Av. Américo Buaiz, 200 - Enseada do Suá, Vitória - ES, 29050-902, Brasil;-40.287458;-20.3130138;OPERATIONAL;4.4;219
Vivara;Park Shopping - Av. Farroupilha, 4545 - Mal. Rondon, Canoas - RS, 92020-475, Brasil;-51.1650964;-29.91506549999999;OPERATIONAL;4.6;126
Vivara;BA-099 Km 12 5 - Subaúma, Camaçari - BA, 48180-000, Brasil;-37.8763488;-12.2701519;OPERATIONAL;-;-
Vivara;Avenida Centenário, 1052 - 1 Piso Shopping Grão Pará - Val de Caes, Belém - PA, 66635-894, Brasil;-48.4646712;-1.3889979;OPERATIONAL;4.7;122
Vivara;Alameda Euvaldo Luz, 92 - Loja 100.2 - Horto Bela Vista, Salvador - BA, 41098-020, Brasil;-38.4746196;-12.9706223;OPERATIONAL;4.6;94
Vivara;Av. Historiador Rubens de Mendonça, 3300 - Store 2091 e 2092 - Jardim Aclimacao, Cuiabá - MT, 78050-250, Brasil;-56.07293809999999;-15.5759133;OPERATIONAL;4.5;303
Vivara;Shopping Rio Mar - Av. Luiz Lua Gonzaga, 400 - Lojas 215A 216A - Coroa do Meio, Aracaju - SE, 49035-500, Brasil;-37.04796899999999;-10.9454237;OPERATIONAL;4.4;85
Vivara;BA-526, 305 - loja 2068 & 2069 - São Cristóvão, Salvador - BA, 41706-740, Brasil;-38.3508466;-12.9095157;OPERATIONAL;4.4;99
